model,accuracy,precision,recall,f1,roc_auc
ExtraTrees,0.8421052631578947,0.90625,0.7631578947368421,0.8285714285714286,0.9390581717451524
AdaBoost,0.8289473684210527,0.9032258064516129,0.7368421052631579,0.8115942028985508,0.9013157894736843
RandomForest,0.8552631578947368,0.8857142857142857,0.8157894736842105,0.8493150684931506,0.9127423822714681
LogisticRegression,0.8421052631578947,0.8823529411764706,0.7894736842105263,0.8333333333333334,0.8774238227146814
GradientBoosting,0.8289473684210527,0.8571428571428571,0.7894736842105263,0.821917808219178,0.9182825484764543
