model,accuracy,precision,recall,f1,roc_auc
RandomForest,0.8552631578947368,0.8857142857142857,0.8157894736842105,0.8493150684931506,0.9165512465373962
LogisticRegression,0.8289473684210527,0.8787878787878788,0.7631578947368421,0.8169014084507042,0.8781163434903048
GradientBoosting,0.8552631578947368,0.8648648648648649,0.8421052631578947,0.8533333333333334,0.9238227146814405
ExtraTrees,0.8157894736842105,0.8333333333333334,0.7894736842105263,0.8108108108108109,0.949792243767313
AdaBoost,0.8026315789473685,0.8285714285714286,0.7631578947368421,0.7945205479452054,0.8857340720221607
